{"cameraMode":{"drawMode":0,"name":"Shaded","section":"Shading Mode"},"sceneLighting":true,"audioPlay":false,"sceneViewState":{"m_AlwaysRefresh":false,"showFog":true,"showSkybox":true,"showFlares":true,"showImageEffects":true,"showParticleSystems":true,"showVisualEffectGraphs":true,"m_FxEnabled":true},"in2DMode":false,"pivot":{"x":5.787029266357422,"y":4.751408576965332,"z":-22.673450469970704},"rotation":{"x":0.032729797065258029,"y":-0.6774093508720398,"z":0.02963310107588768,"w":0.7345213294029236},"size":1.5194125175476075,"orthographic":false}